-- phpMyAdmin SQL Dump
-- version 5.2.1
-- https://www.phpmyadmin.net/
--
-- Host: 127.0.0.1
-- Generation Time: Sep 04, 2025 at 03:31 PM
-- Server version: 10.4.32-MariaDB
-- PHP Version: 8.0.30

SET SQL_MODE = "NO_AUTO_VALUE_ON_ZERO";
START TRANSACTION;
SET time_zone = "+00:00";


/*!40101 SET @OLD_CHARACTER_SET_CLIENT=@@CHARACTER_SET_CLIENT */;
/*!40101 SET @OLD_CHARACTER_SET_RESULTS=@@CHARACTER_SET_RESULTS */;
/*!40101 SET @OLD_COLLATION_CONNECTION=@@COLLATION_CONNECTION */;
/*!40101 SET NAMES utf8mb4 */;

--
-- Database: `framework_prak1`
--

-- --------------------------------------------------------

--
-- Table structure for table `detail_rekam_medis`
--

CREATE TABLE `detail_rekam_medis` (
  `iddetail_rekam_medis` int(11) NOT NULL,
  `idrekam_medis` int(11) NOT NULL,
  `idkode_tindakan_terapi` int(11) NOT NULL,
  `detail` varchar(1000) DEFAULT NULL
) ENGINE=InnoDB DEFAULT CHARSET=utf8mb4 COLLATE=utf8mb4_general_ci;

-- --------------------------------------------------------

--
-- Table structure for table `jenis_hewan`
--

CREATE TABLE `jenis_hewan` (
  `idjenis_hewan` int(11) NOT NULL,
  `nama_jenis_hewan` varchar(100) DEFAULT NULL
) ENGINE=InnoDB DEFAULT CHARSET=utf8mb4 COLLATE=utf8mb4_general_ci;

--
-- Dumping data for table `jenis_hewan`
--

INSERT INTO `jenis_hewan` (`idjenis_hewan`, `nama_jenis_hewan`) VALUES
(1, 'Anjing (Canis lupus familiaris)'),
(2, 'Kucing (Felis catus)'),
(3, 'Kelinci (Oryctolagus cuniculus)'),
(4, 'Burung'),
(5, 'Reptil'),
(6, 'Rodent / Hewan Kecil');

-- --------------------------------------------------------

--
-- Table structure for table `kategori`
--

CREATE TABLE `kategori` (
  `idkategori` int(11) NOT NULL,
  `nama_kategori` varchar(100) DEFAULT NULL
) ENGINE=InnoDB DEFAULT CHARSET=utf8mb4 COLLATE=utf8mb4_general_ci;

--
-- Dumping data for table `kategori`
--

INSERT INTO `kategori` (`idkategori`, `nama_kategori`) VALUES
(1, 'Vaksinasi'),
(2, 'Bedah / Operasi'),
(3, 'Cairan infus'),
(4, 'Terapi Injeksi'),
(5, 'Terapi Oral'),
(6, 'Diagnostik'),
(7, 'Rawat Inap'),
(8, 'Lain-lain');

-- --------------------------------------------------------

--
-- Table structure for table `kategori_klinis`
--

CREATE TABLE `kategori_klinis` (
  `idkategori_klinis` int(11) NOT NULL,
  `nama_kategori_klinis` varchar(50) DEFAULT NULL
) ENGINE=InnoDB DEFAULT CHARSET=utf8mb4 COLLATE=utf8mb4_general_ci;

--
-- Dumping data for table `kategori_klinis`
--

INSERT INTO `kategori_klinis` (`idkategori_klinis`, `nama_kategori_klinis`) VALUES
(1, 'Terapi'),
(2, 'Tindakan');

-- --------------------------------------------------------

--
-- Table structure for table `kode_tindakan_terapi`
--

CREATE TABLE `kode_tindakan_terapi` (
  `idkode_tindakan_terapi` int(11) NOT NULL,
  `kode` varchar(5) DEFAULT NULL,
  `deskripsi_tindakan_terapi` varchar(1000) DEFAULT NULL,
  `idkategori` int(11) NOT NULL,
  `idkategori_klinis` int(11) NOT NULL
) ENGINE=InnoDB DEFAULT CHARSET=utf8mb4 COLLATE=utf8mb4_general_ci;

--
-- Dumping data for table `kode_tindakan_terapi`
--

INSERT INTO `kode_tindakan_terapi` (`idkode_tindakan_terapi`, `kode`, `deskripsi_tindakan_terapi`, `idkategori`, `idkategori_klinis`) VALUES
(1, 'T01', 'Vaksinasi Rabies', 1, 1),
(2, 'T02', 'Vaksinasi Polivalen (DHPPi/L untuk anjing)', 1, 1),
(3, 'T03', 'Vaksinasi Panleukopenia / Tricat kucing', 1, 1),
(4, 'T04', 'Vaksinasi lainnya (bordetella, influenza, dsb.)', 1, 1),
(5, 'T05', 'Sterilisasi jantan', 2, 2),
(6, 'T06', 'Sterilisasi betina', 2, 2),
(9, 'T07', 'Minor surgery (luka, abses)', 2, 2),
(10, 'T08', 'Major surgery (laparotomi, tumor)', 2, 2),
(11, 'T09', 'Infus intravena cairan kristaloid', 3, 1),
(12, 'T10', 'Infus intravena cairan koloid', 3, 1),
(13, 'T11', 'Antibiotik injeksi', 4, 1),
(14, 'T12', 'Antiparasit injeksi', 4, 1),
(15, 'T13', 'Antiemetik / gastroprotektor', 4, 1),
(16, 'T14', 'Analgesik / antiinflamasi', 4, 1),
(17, 'T15', 'Kortikosteroid', 4, 1),
(18, 'T16', 'Antibiotik oral', 5, 1),
(19, 'T17', 'Antiparasit oral', 5, 1),
(20, 'T18', 'Vitamin / suplemen', 5, 1),
(21, 'T19', 'Diet khusus', 5, 1),
(22, 'T20', 'Pemeriksaan darah rutin', 6, 2),
(23, 'T21', 'Pemeriksaan kimia darah', 6, 2),
(24, 'T22', 'Pemeriksaan feses / parasitologi', 6, 2),
(25, 'T23', 'Pemeriksaan urin', 6, 2),
(26, 'T24', 'Radiografi (rontgen)', 6, 2),
(27, 'T25', 'USG Abdomen', 6, 2),
(28, 'T26', 'Sitologi / biopsi', 6, 2),
(29, 'T27', 'Rapid test penyakit infeksi', 6, 2),
(30, 'T28', 'Observasi sehari', 7, 2),
(31, 'T29', 'Observasi lebih dari 1 hari', 7, 2),
(32, 'T30', 'Grooming medis', 8, 2),
(33, 'T31', 'Deworming', 8, 1),
(34, 'T32', 'Ektoparasit control', 8, 1);

-- --------------------------------------------------------

--
-- Table structure for table `pemilik`
--

CREATE TABLE `pemilik` (
  `idpemilik` int(11) NOT NULL,
  `no_wa` varchar(45) DEFAULT NULL,
  `alamat` varchar(100) DEFAULT NULL,
  `iduser` bigint(20) NOT NULL
) ENGINE=InnoDB DEFAULT CHARSET=utf8mb4 COLLATE=utf8mb4_general_ci;

-- --------------------------------------------------------

--
-- Table structure for table `pet`
--

CREATE TABLE `pet` (
  `idpet` int(11) NOT NULL,
  `nama` varchar(100) DEFAULT NULL,
  `tanggal_lahir` date DEFAULT NULL,
  `warna_tanda` varchar(45) DEFAULT NULL,
  `jenis_kelamin` char(1) DEFAULT NULL,
  `idpemilik` int(11) NOT NULL,
  `idras_hewan` int(11) NOT NULL
) ENGINE=InnoDB DEFAULT CHARSET=utf8mb4 COLLATE=utf8mb4_general_ci;

-- --------------------------------------------------------

--
-- Table structure for table `ras_hewan`
--

CREATE TABLE `ras_hewan` (
  `idras_hewan` int(11) NOT NULL,
  `nama_ras` varchar(100) DEFAULT NULL,
  `idjenis_hewan` int(11) NOT NULL
) ENGINE=InnoDB DEFAULT CHARSET=utf8mb4 COLLATE=utf8mb4_general_ci;

--
-- Dumping data for table `ras_hewan`
--

INSERT INTO `ras_hewan` (`idras_hewan`, `nama_ras`, `idjenis_hewan`) VALUES
(1, 'Golden Retriever', 1),
(2, 'Labrador Retriever', 1),
(3, 'German Shepherd', 1),
(4, 'Bulldog (English, French)', 1),
(5, 'Poodle (Toy, Miniature, Standard)', 1),
(6, 'Beagle', 1),
(7, 'Siberian Husky', 1),
(8, 'Shih Tzu', 1),
(9, 'Dachshund', 1),
(10, 'Chihuahua', 1),
(11, 'Persia', 2),
(12, 'Maine Coon', 2),
(13, 'Siamese', 2),
(14, 'Bengal', 2),
(15, 'Sphynx', 2),
(16, 'Scottish Fold', 2),
(17, 'British Shorthair', 2),
(18, 'Anggora', 2),
(19, 'Domestic Shorthair (kampung)', 2),
(20, 'Ragdoll', 2),
(21, 'Holland Lop', 3),
(22, 'Netherland Dwarf', 3),
(23, 'Flemish Giant', 3),
(24, 'Lionhead', 3),
(25, 'Rex', 3),
(26, 'Angora Rabbit', 3),
(27, 'Mini Lop', 3),
(28, 'Lovebird (Agapornis sp.)', 4),
(29, 'Kakatua (Cockatoo)', 4),
(30, 'Parrot / Nuri (Macaw, African Grey, Amazon Parrot)', 4),
(31, 'Kenari (Serinus canaria)', 4),
(32, 'Merpati (Columba livia)', 4),
(33, 'Parkit (Budgerigar / Melopsittacus undulatus)', 4),
(34, 'Jalak (Sturnus sp.)', 4),
(35, 'Kura-kura Sulcata (African spurred tortoise)', 5),
(36, 'Red-Eared Slider (Trachemys scripta elegans)', 5),
(37, 'Leopard Gecko', 5),
(38, 'Iguana hijau', 5),
(39, 'Ball Python', 5),
(40, 'Corn Snake', 5),
(41, 'Hamster (Syrian, Roborovski, Campbell, Winter White)', 6),
(42, 'Guinea Pig (Abyssinian, Peruvian, American Shorthair)', 6),
(43, 'Gerbil', 6),
(44, 'Chinchilla', 6);

-- --------------------------------------------------------

--
-- Table structure for table `rekam_medis`
--

CREATE TABLE `rekam_medis` (
  `idrekam_medis` int(11) NOT NULL,
  `created_at` timestamp NULL DEFAULT NULL,
  `anamnesa` varchar(1000) DEFAULT NULL,
  `temuan_klinis` varchar(1000) DEFAULT NULL,
  `diagnosa` varchar(1000) DEFAULT NULL,
  `idpet` int(11) NOT NULL,
  `dokter_pemeriksa` int(11) NOT NULL
) ENGINE=InnoDB DEFAULT CHARSET=utf8mb4 COLLATE=utf8mb4_general_ci;

-- --------------------------------------------------------

--
-- Table structure for table `role`
--

CREATE TABLE `role` (
  `idrole` int(11) NOT NULL,
  `nama_role` varchar(100) DEFAULT NULL
) ENGINE=InnoDB DEFAULT CHARSET=utf8mb4 COLLATE=utf8mb4_general_ci;

--
-- Dumping data for table `role`
--

INSERT INTO `role` (`idrole`, `nama_role`) VALUES
(1, 'Administrator'),
(2, 'Dokter'),
(3, 'Perawat'),
(4, 'Resepsionis');

-- --------------------------------------------------------

--
-- Table structure for table `role_user`
--

CREATE TABLE `role_user` (
  `idrole_user` int(11) NOT NULL,
  `iduser` bigint(20) NOT NULL,
  `idrole` int(11) NOT NULL,
  `status` tinyint(4) NOT NULL DEFAULT 1
) ENGINE=InnoDB DEFAULT CHARSET=utf8mb4 COLLATE=utf8mb4_general_ci;

--
-- Dumping data for table `role_user`
--

INSERT INTO `role_user` (`idrole_user`, `iduser`, `idrole`, `status`) VALUES
(1, 6, 1, 1),
(2, 6, 3, 0);

-- --------------------------------------------------------

--
-- Table structure for table `user`
--

CREATE TABLE `user` (
  `iduser` bigint(20) NOT NULL,
  `nama` varchar(500) NOT NULL,
  `email` varchar(200) NOT NULL,
  `password` varchar(300) NOT NULL
) ENGINE=InnoDB DEFAULT CHARSET=utf8mb4 COLLATE=utf8mb4_general_ci;

--
-- Dumping data for table `user`
--

INSERT INTO `user` (`iduser`, `nama`, `email`, `password`) VALUES
(6, 'admin', 'admin@mail.com', '$2y$10$Dtf/Q8cjXmJvewWGTye8bOehY51JJTKBHjexDHmlINFukmdT8x3Hm'),
(7, 'risha', 'risha@gmail.com', '$2y$10$5.mamNClcY8do/WLrm5ACuNOx2W8AUpelBhDFVT2nFcMOVdkcsXia'),
(8, 'lia', 'lia@gmail.com', '$2y$10$5TBpqIO96fX4g69oVg61V.gGJ9lIcxM/FITMOJLfxJyABt/MmVJsO'),
(9, 'ay', 'ay@mail.com', '$2y$10$1fke5BU5jFssdXX1YHQWmeXrgrMqsrguK5XiSwqly6hdPdfc7KPfO');

--
-- Indexes for dumped tables
--

--
-- Indexes for table `detail_rekam_medis`
--
ALTER TABLE `detail_rekam_medis`
  ADD PRIMARY KEY (`iddetail_rekam_medis`),
  ADD KEY `fk_detail_rekam_medis_rekam_medis1_idx` (`idrekam_medis`),
  ADD KEY `idkode_tindakan_terapi` (`idkode_tindakan_terapi`);

--
-- Indexes for table `jenis_hewan`
--
ALTER TABLE `jenis_hewan`
  ADD PRIMARY KEY (`idjenis_hewan`);

--
-- Indexes for table `kategori`
--
ALTER TABLE `kategori`
  ADD PRIMARY KEY (`idkategori`);

--
-- Indexes for table `kategori_klinis`
--
ALTER TABLE `kategori_klinis`
  ADD PRIMARY KEY (`idkategori_klinis`);

--
-- Indexes for table `kode_tindakan_terapi`
--
ALTER TABLE `kode_tindakan_terapi`
  ADD PRIMARY KEY (`idkode_tindakan_terapi`),
  ADD KEY `fk_kode_tindakan_terapi_kategori1_idx` (`idkategori`),
  ADD KEY `fk_kode_tindakan_terapi_kategori_klinis1_idx` (`idkategori_klinis`);

--
-- Indexes for table `pemilik`
--
ALTER TABLE `pemilik`
  ADD PRIMARY KEY (`idpemilik`),
  ADD KEY `fk_pemilik_user1_idx` (`iduser`);

--
-- Indexes for table `pet`
--
ALTER TABLE `pet`
  ADD PRIMARY KEY (`idpet`),
  ADD KEY `fk_pet_pemilik1_idx` (`idpemilik`),
  ADD KEY `fk_pet_ras_hewan1_idx` (`idras_hewan`);

--
-- Indexes for table `ras_hewan`
--
ALTER TABLE `ras_hewan`
  ADD PRIMARY KEY (`idras_hewan`),
  ADD KEY `fk_ras_hewan_jenis_hewan1_idx` (`idjenis_hewan`);

--
-- Indexes for table `rekam_medis`
--
ALTER TABLE `rekam_medis`
  ADD PRIMARY KEY (`idrekam_medis`),
  ADD KEY `fk_rekam_medis_pet1_idx` (`idpet`),
  ADD KEY `fk_rekam_medis_role_user1_idx` (`dokter_pemeriksa`);

--
-- Indexes for table `role`
--
ALTER TABLE `role`
  ADD PRIMARY KEY (`idrole`);

--
-- Indexes for table `role_user`
--
ALTER TABLE `role_user`
  ADD PRIMARY KEY (`idrole_user`),
  ADD KEY `fk_role_user_user_idx` (`iduser`),
  ADD KEY `fk_role_user_role1_idx` (`idrole`);

--
-- Indexes for table `user`
--
ALTER TABLE `user`
  ADD PRIMARY KEY (`iduser`),
  ADD UNIQUE KEY `email` (`email`);

--
-- AUTO_INCREMENT for dumped tables
--

--
-- AUTO_INCREMENT for table `detail_rekam_medis`
--
ALTER TABLE `detail_rekam_medis`
  MODIFY `iddetail_rekam_medis` int(11) NOT NULL AUTO_INCREMENT;

--
-- AUTO_INCREMENT for table `jenis_hewan`
--
ALTER TABLE `jenis_hewan`
  MODIFY `idjenis_hewan` int(11) NOT NULL AUTO_INCREMENT, AUTO_INCREMENT=7;

--
-- AUTO_INCREMENT for table `kode_tindakan_terapi`
--
ALTER TABLE `kode_tindakan_terapi`
  MODIFY `idkode_tindakan_terapi` int(11) NOT NULL AUTO_INCREMENT, AUTO_INCREMENT=35;

--
-- AUTO_INCREMENT for table `pet`
--
ALTER TABLE `pet`
  MODIFY `idpet` int(11) NOT NULL AUTO_INCREMENT;

--
-- AUTO_INCREMENT for table `ras_hewan`
--
ALTER TABLE `ras_hewan`
  MODIFY `idras_hewan` int(11) NOT NULL AUTO_INCREMENT, AUTO_INCREMENT=45;

--
-- AUTO_INCREMENT for table `rekam_medis`
--
ALTER TABLE `rekam_medis`
  MODIFY `idrekam_medis` int(11) NOT NULL AUTO_INCREMENT;

--
-- AUTO_INCREMENT for table `role`
--
ALTER TABLE `role`
  MODIFY `idrole` int(11) NOT NULL AUTO_INCREMENT, AUTO_INCREMENT=5;

--
-- AUTO_INCREMENT for table `role_user`
--
ALTER TABLE `role_user`
  MODIFY `idrole_user` int(11) NOT NULL AUTO_INCREMENT, AUTO_INCREMENT=3;

--
-- AUTO_INCREMENT for table `user`
--
ALTER TABLE `user`
  MODIFY `iduser` bigint(20) NOT NULL AUTO_INCREMENT, AUTO_INCREMENT=10;

--
-- Constraints for dumped tables
--

--
-- Constraints for table `detail_rekam_medis`
--
ALTER TABLE `detail_rekam_medis`
  ADD CONSTRAINT `detail_rekam_medis_ibfk_1` FOREIGN KEY (`idkode_tindakan_terapi`) REFERENCES `kode_tindakan_terapi` (`idkode_tindakan_terapi`),
  ADD CONSTRAINT `fk_detail_rekam_medis_rekam_medis1` FOREIGN KEY (`idrekam_medis`) REFERENCES `rekam_medis` (`idrekam_medis`) ON DELETE NO ACTION ON UPDATE NO ACTION;

--
-- Constraints for table `kode_tindakan_terapi`
--
ALTER TABLE `kode_tindakan_terapi`
  ADD CONSTRAINT `fk_kode_tindakan_terapi_kategori1` FOREIGN KEY (`idkategori`) REFERENCES `kategori` (`idkategori`) ON DELETE NO ACTION ON UPDATE NO ACTION,
  ADD CONSTRAINT `fk_kode_tindakan_terapi_kategori_klinis1` FOREIGN KEY (`idkategori_klinis`) REFERENCES `kategori_klinis` (`idkategori_klinis`) ON DELETE NO ACTION ON UPDATE NO ACTION;

--
-- Constraints for table `pemilik`
--
ALTER TABLE `pemilik`
  ADD CONSTRAINT `fk_pemilik_user1` FOREIGN KEY (`iduser`) REFERENCES `user` (`iduser`) ON DELETE NO ACTION ON UPDATE NO ACTION;

--
-- Constraints for table `pet`
--
ALTER TABLE `pet`
  ADD CONSTRAINT `fk_pet_pemilik1` FOREIGN KEY (`idpemilik`) REFERENCES `pemilik` (`idpemilik`) ON DELETE NO ACTION ON UPDATE NO ACTION,
  ADD CONSTRAINT `fk_pet_ras_hewan1` FOREIGN KEY (`idras_hewan`) REFERENCES `ras_hewan` (`idras_hewan`) ON DELETE NO ACTION ON UPDATE NO ACTION;

--
-- Constraints for table `ras_hewan`
--
ALTER TABLE `ras_hewan`
  ADD CONSTRAINT `fk_ras_hewan_jenis_hewan1` FOREIGN KEY (`idjenis_hewan`) REFERENCES `jenis_hewan` (`idjenis_hewan`) ON DELETE NO ACTION ON UPDATE NO ACTION;

--
-- Constraints for table `rekam_medis`
--
ALTER TABLE `rekam_medis`
  ADD CONSTRAINT `fk_rekam_medis_pet1` FOREIGN KEY (`idpet`) REFERENCES `pet` (`idpet`) ON DELETE NO ACTION ON UPDATE NO ACTION,
  ADD CONSTRAINT `rekam_medis_ibfk_1` FOREIGN KEY (`dokter_pemeriksa`) REFERENCES `role_user` (`idrole_user`);

--
-- Constraints for table `role_user`
--
ALTER TABLE `role_user`
  ADD CONSTRAINT `fk_role_user_role1` FOREIGN KEY (`idrole`) REFERENCES `role` (`idrole`) ON DELETE NO ACTION ON UPDATE NO ACTION,
  ADD CONSTRAINT `fk_role_user_user` FOREIGN KEY (`iduser`) REFERENCES `user` (`iduser`) ON DELETE NO ACTION ON UPDATE NO ACTION;
COMMIT;

/*!40101 SET CHARACTER_SET_CLIENT=@OLD_CHARACTER_SET_CLIENT */;
/*!40101 SET CHARACTER_SET_RESULTS=@OLD_CHARACTER_SET_RESULTS */;
/*!40101 SET COLLATION_CONNECTION=@OLD_COLLATION_CONNECTION */;
